{"stats":{"minecraft:mined":{"minecraft:tnt":9,"minecraft:sand":27},"minecraft:picked_up":{"minecraft:tnt":9,"minecraft:sand":27},"minecraft:custom":{"minecraft:jump":110,"minecraft:open_chest":4,"minecraft:time_since_rest":5254,"minecraft:crouch_one_cm":374,"minecraft:sprint_one_cm":20454,"minecraft:play_time":5254,"minecraft:damage_taken":80,"minecraft:time_since_death":5254,"minecraft:walk_one_cm":4836,"minecraft:sneak_time":262,"minecraft:total_world_time":5254,"minecraft:fall_one_cm":4483,"minecraft:fly_one_cm":29903},"minecraft:used":{"minecraft:sand":13}},"DataVersion":3465}